language,operation,time_seconds,input_size_bytes,output_size_bytes,compression_ratio,throughput_mbps
C++,encode,2.608722,3369045,1970780,0.5850,1.23
C++,decode,0.964597,1970780,3369045,1.7095,1.95
Java,encode,9.854340,3369045,1970990,0.5850,0.33
Java,decode,13.359460,1970990,3369045,1.7093,0.14
Go,encode,6.829514,3369045,1970589,0.5849,0.47
Go,decode,15.154984,1970589,3369045,1.7097,0.12
Python,encode,5.522252,3369045,1920596,0.5701,0.58
Python,decode,7.355229,1920596,3369045,1.7542,0.25
